yearID,playerID,SO,nameFirst,nameLast,fullName
1871,woltery01,8.0,Rynie,Wolters,Rynie Wolters
1872,cummica01,14.0,Candy,Cummings,Candy Cummings
1873,brittji01,14.0,Jim,Britt,Jim Britt
1874,barnibi01,13.0,Billy,Barnie,Billy Barnie
1875,dehlmhe01,21.0,Herman,Dehlman,Herman Dehlman
1876,ryanjo01,23.0,Johnny,Ryan,Johnny Ryan
1877,brownle01,33.0,Lew,Brown,Lew Brown
1878,whitewi01,41.0,Will,White,Will White
1879,galvipu01,56.0,Pud,Galvin,Pud Galvin
1880,galvipu01,57.0,Pud,Galvin,Pud Galvin
1881,galvipu01,70.0,Pud,Galvin,Pud Galvin
1882,flintsi01,50.0,Silver,Flint,Silver Flint
1883,galvipu01,79.0,Pud,Galvin,Pud Galvin
1884,wisesa01,104.0,Sam,Wise,Sam Wise
1885,bastich01,82.0,Charlie,Bastian,Charlie Bastian
1886,seeryem01,82.0,Emmett,Seery,Emmett Seery
1887,morrijo01,86.0,John,Morrill,John Morrill
1888,dennyje01,79.0,Jerry,Denny,Jerry Denny
1889,duffech01,81.0,Charlie,Duffee,Charlie Duffee
1890,brownto01,87.0,Tom,Brown,Tom Brown
1891,brownto01,96.0,Tom,Brown,Tom Brown
1892,brownto01,94.0,Tom,Brown,Tom Brown
1893,dalyto01,65.0,Tom,Daly,Tom Daly
1894,brownto01,74.0,Tom,Brown,Tom Brown
1895,joycebi01,56.0,Bill,Joyce,Bill Joyce
1896,mccreto01,58.0,Tom,McCreery,Tom McCreery
1897,brownto01,63.0,Tom,Brown,Tom Brown
1898,clingbi01,60.0,Billy,Clingman,Billy Clingman
1899,holmedu01,58.0,Ducky,Holmes,Ducky Holmes
1900,barreji01,63.0,Jimmy,Barrett,Jimmy Barrett
1901,crossmo01,91.0,Monte,Cross,Monte Cross
1902,floodti01,70.0,Tim,Flood,Tim Flood
1903,pickeol01,75.0,Ollie,Pickering,Ollie Pickering
1904,lumleha01,106.0,Harry,Lumley,Harry Lumley
1905,hoffmda01,105.0,Danny,Hoffman,Danny Hoffman
1906,malonbi01,116.0,Billy,Maloney,Billy Maloney
1907,hoffmda01,103.0,Danny,Hoffman,Danny Hoffman
1908,ballne01,91.0,Neal,Ball,Neal Ball
1909,stahlja01,94.0,Jake,Stahl,Jake Stahl
1910,stahlja01,128.0,Jake,Stahl,Jake Stahl
1911,beschbo01,78.0,Bob,Bescher,Bob Bescher
1912,mcdoned02,91.0,Ed,McDonald,Ed McDonald
1913,moellda01,103.0,Danny,Moeller,Danny Moeller
1914,willigu02,120.0,Gus,Williams,Gus Williams
1915,mccanja01,99.0,Jack,McCandless,Jack McCandless
1916,cravaga01,89.0,Gavvy,Cravath,Gavvy Cravath
1917,willicy01,78.0,Cy,Williams,Cy Williams
1918,ruthba01,58.0,Babe,Ruth,Babe Ruth
1919,powelra01,79.0,Ray,Powell,Ray Powell
1920,kellyge01,92.0,George,Kelly,George Kelly
1921,meusebo01,88.0,Bob,Meusel,Bob Meusel
1922,dykesji01,98.0,Jimmy,Dykes,Jimmy Dykes
1923,ruthba01,93.0,Babe,Ruth,Babe Ruth
1924,ruthba01,81.0,Babe,Ruth,Babe Ruth
1925,hartnga01,77.0,Gabby,Hartnett,Gabby Hartnett
1926,lazzeto01,96.0,Tony,Lazzeri,Tony Lazzeri
1927,ruthba01,89.0,Babe,Ruth,Babe Ruth
1928,wilsoha01,94.0,Hack,Wilson,Hack Wilson
1929,wilsoha01,83.0,Hack,Wilson,Hack Wilson
1930,wilsoha01,84.0,Hack,Wilson,Hack Wilson
1931,culloni02,86.0,Nick,Cullop,Nick Cullop
1932,campbbr01,102.0,Bruce,Campbell,Bruce Campbell
1933,foxxji01,93.0,Jimmie,Foxx,Jimmie Foxx
1934,cliftha01,100.0,Harlond,Clift,Harlond Clift
1935,camildo01,113.0,Dolph,Camilli,Dolph Camilli
1936,foxxji01,119.0,Jimmie,Foxx,Jimmie Foxx
1937,dimagvi01,111.0,Vince,DiMaggio,Vince DiMaggio
1938,dimagvi01,134.0,Vince,DiMaggio,Vince DiMaggio
1939,camildo01,107.0,Dolph,Camilli,Dolph Camilli
1940,rossch01,127.0,Chet,Ross,Chet Ross
1941,camildo01,115.0,Dolph,Camilli,Dolph Camilli
1942,gordojo01,95.0,Joe,Gordon,Joe Gordon
1943,dimagvi01,126.0,Vince,DiMaggio,Vince DiMaggio
1944,seerepa01,99.0,Pat,Seerey,Pat Seerey
1945,seerepa01,97.0,Pat,Seerey,Pat Seerey
1946,kinerra01,109.0,Ralph,Kiner,Ralph Kiner
1947,joosted01,110.0,Eddie,Joost,Eddie Joost
1948,seerepa01,94.0,Pat,Seerey,Pat Seerey
1949,snidedu01,92.0,Duke,Snider,Duke Snider
1950,smallro01,114.0,Roy,Smalley,Roy Smalley
1951,hodgegi01,99.0,Gil,Hodges,Gil Hodges
1952,matheed01,115.0,Eddie,Mathews,Eddie Mathews
1953,bilkost01,125.0,Steve,Bilko,Steve Bilko
1954,mantlmi01,107.0,Mickey,Mantle,Mickey Mantle
1955,zauchno01,105.0,Norm,Zauchin,Norm Zauchin
1956,lemonji01,138.0,Jim,Lemon,Jim Lemon
1957,snidedu01,104.0,Duke,Snider,Duke Snider
1958,lemonji01,120.0,Jim,Lemon,Jim Lemon
1959,mantlmi01,126.0,Mickey,Mantle,Mickey Mantle
1960,herrepa01,136.0,Pancho,Herrera,Pancho Herrera
1961,woodja01,141.0,Jake,Wood,Jake Wood
1962,killeha01,142.0,Harmon,Killebrew,Harmon Killebrew
1963,nichoda01,175.0,Dave,Nicholson,Dave Nicholson
1964,mathene01,143.0,Nelson,Mathews,Nelson Mathews
1965,allendi01,150.0,Dick,Allen,Dick Allen
1966,scottge02,152.0,George,Scott,George Scott
1967,howarfr01,155.0,Frank,Howard,Frank Howard
1968,jacksre01,171.0,Reggie,Jackson,Reggie Jackson
1969,bondsbo01,187.0,Bobby,Bonds,Bobby Bonds
1970,bondsbo01,189.0,Bobby,Bonds,Bobby Bonds
1971,jacksre01,161.0,Reggie,Jackson,Reggie Jackson
1972,darwibo01,145.0,Bobby,Darwin,Bobby Darwin
1973,bondsbo01,148.0,Bobby,Bonds,Bobby Bonds
1974,schmimi01,138.0,Mike,Schmidt,Mike Schmidt
1975,schmimi01,180.0,Mike,Schmidt,Mike Schmidt
1976,schmimi01,149.0,Mike,Schmidt,Mike Schmidt
1977,hobsobu01,162.0,Butch,Hobson,Butch Hobson
1978,murphda05,145.0,Dale,Murphy,Dale Murphy
1979,thomago01,175.0,Gorman,Thomas,Gorman Thomas
1980,thomago01,170.0,Gorman,Thomas,Gorman Thomas
1981,armasto01,115.0,Tony,Armas,Tony Armas
1982,jacksre01,156.0,Reggie,Jackson,Reggie Jackson
1983,kittlro01,150.0,Ron,Kittle,Ron Kittle
1984,samueju01,168.0,Juan,Samuel,Juan Samuel
1985,balbost01,166.0,Steve,Balboni,Steve Balboni
1986,incavpe01,185.0,Pete,Incaviglia,Pete Incaviglia
1987,deerro01,186.0,Rob,Deer,Rob Deer
1988,deerro01,153.0,Rob,Deer,Rob Deer
1989,jacksbo01,172.0,Bo,Jackson,Bo Jackson
1990,fieldce01,182.0,Cecil,Fielder,Cecil Fielder
1991,deerro01,175.0,Rob,Deer,Rob Deer
1992,palmede01,154.0,Dean,Palmer,Dean Palmer
1993,tartada01,156.0,Danny,Tartabull,Danny Tartabull
1994,frymatr01,128.0,Travis,Fryman,Travis Fryman
1995,vaughmo01,150.0,Mo,Vaughn,Mo Vaughn
1996,rodrihe02,160.0,Henry,Rodriguez,Henry Rodriguez
1997,buhneja01,175.0,Jay,Buhner,Jay Buhner
1998,sosasa01,171.0,Sammy,Sosa,Sammy Sosa
1999,sosasa01,171.0,Sammy,Sosa,Sammy Sosa
2000,wilsopr01,187.0,Preston,Wilson,Preston Wilson
2001,hernajo01,185.0,Jose,Hernandez,Jose Hernandez
2002,hernajo01,188.0,Jose,Hernandez,Jose Hernandez
2003,thomeji01,182.0,Jim,Thome,Jim Thome
2004,dunnad01,195.0,Adam,Dunn,Adam Dunn
2005,dunnad01,168.0,Adam,Dunn,Adam Dunn
2006,dunnad01,194.0,Adam,Dunn,Adam Dunn
2007,howarry01,199.0,Ryan,Howard,Ryan Howard
2008,reynoma01,204.0,Mark,Reynolds,Mark Reynolds
2009,reynoma01,223.0,Mark,Reynolds,Mark Reynolds
2010,reynoma01,211.0,Mark,Reynolds,Mark Reynolds
2011,stubbdr01,205.0,Drew,Stubbs,Drew Stubbs
2012,dunnad01,222.0,Adam,Dunn,Adam Dunn
2013,cartech02,212.0,Chris,Carter,Chris Carter
2014,howarry01,190.0,Ryan,Howard,Ryan Howard
2015,davisch02,208.0,Chris,Davis,Chris Davis
2016,davisch02,219.0,Chris,Davis,Chris Davis
2017,judgeaa01,208.0,Aaron,Judge,Aaron Judge
2018,moncayo01,217.0,Yoan,Moncada,Yoan Moncada
2019,suareeu01,189.0,Eugenio,Suarez,Eugenio Suarez
2020,sanomi01,90.0,Miguel,Sano,Miguel Sano
2021,chapmma01,202.0,Matt,Chapman,Matt Chapman
2022,schwaky01,200.0,Kyle,Schwarber,Kyle Schwarber
2023,schwaky01,215.0,Kyle,Schwarber,Kyle Schwarber
2024,delacel01,218.0,Elly,De La Cruz,Elly De La Cruz
