yearID,playerID,SO_player,nameFirst,nameLast,fullName,SO_league,SO_percentage
1871,woltery01,8.0,Rynie,Wolters,Rynie Wolters,175.0,4.571428571428571
1872,cummica01,14.0,Candy,Cummings,Candy Cummings,265.0,5.283018867924529
1873,brittji01,14.0,Jim,Britt,Jim Britt,278.0,5.0359712230215825
1874,barnibi01,13.0,Billy,Barnie,Billy Barnie,357.0,3.6414565826330536
1875,dehlmhe01,21.0,Herman,Dehlman,Herman Dehlman,675.0,3.111111111111111
1876,ryanjo01,23.0,Johnny,Ryan,Johnny Ryan,589.0,3.904923599320883
1877,brownle01,33.0,Lew,Brown,Lew Brown,726.0,4.545454545454546
1878,whitewi01,41.0,Will,White,Will White,1081.0,3.7927844588344124
1879,galvipu01,56.0,Pud,Galvin,Pud Galvin,1843.0,3.038524145415084
1880,galvipu01,57.0,Pud,Galvin,Pud Galvin,1993.0,2.8600100351229303
1881,galvipu01,70.0,Pud,Galvin,Pud Galvin,1784.0,3.923766816143498
1882,flintsi01,50.0,Silver,Flint,Silver Flint,2159.0,2.3158869847151458
1883,galvipu01,79.0,Pud,Galvin,Pud Galvin,2877.0,2.745915884602016
1884,wisesa01,104.0,Sam,Wise,Sam Wise,4335.0,2.3990772779700116
1885,bastich01,82.0,Charlie,Bastian,Charlie Bastian,3337.0,2.457296973329338
1886,seeryem01,82.0,Emmett,Seery,Emmett Seery,4248.0,1.9303201506591336
1887,morrijo01,86.0,John,Morrill,John Morrill,5924.0,1.4517218095881161
1888,dennyje01,79.0,Jerry,Denny,Jerry Denny,8213.0,0.9618896870814563
1889,duffech01,81.0,Charlie,Duffee,Charlie Duffee,7669.0,1.0562002868692137
1890,brownto01,87.0,Tom,Brown,Tom Brown,6587.0,1.320783361165933
1891,brownto01,96.0,Tom,Brown,Tom Brown,7729.0,1.2420753008151117
1892,brownto01,94.0,Tom,Brown,Tom Brown,5972.0,1.5740120562625586
1893,dalyto01,65.0,Tom,Daly,Tom Daly,3341.0,1.9455252918287937
1894,brownto01,74.0,Tom,Brown,Tom Brown,3333.0,2.22022202220222
1895,joycebi01,56.0,Bill,Joyce,Bill Joyce,3621.0,1.5465341066003866
1896,mccreto01,58.0,Tom,McCreery,Tom McCreery,3523.0,1.6463241555492478
1897,brownto01,63.0,Tom,Brown,Tom Brown,3729.0,1.6894609814963797
1898,clingbi01,60.0,Billy,Clingman,Billy Clingman,4223.0,1.4207909069381957
1899,holmedu01,58.0,Ducky,Holmes,Ducky Holmes,3849.0,1.506884905170174
1900,barreji01,63.0,Jimmy,Barrett,Jimmy Barrett,2681.0,2.3498694516971277
1901,crossmo01,91.0,Monte,Cross,Monte Cross,6976.0,1.3044724770642202
1902,floodti01,70.0,Tim,Flood,Tim Flood,6630.0,1.0558069381598794
1903,pickeol01,75.0,Ollie,Pickering,Ollie Pickering,7899.0,0.94948727687049
1904,lumleha01,106.0,Harry,Lumley,Harry Lumley,9299.0,1.139907516937305
1905,hoffmda01,105.0,Danny,Hoffman,Danny Hoffman,9523.0,1.1025937204662395
1906,malonbi01,116.0,Billy,Maloney,Billy Maloney,9110.0,1.2733260153677277
1907,hoffmda01,103.0,Danny,Hoffman,Danny Hoffman,8836.0,1.165685830692621
1908,ballne01,91.0,Neal,Ball,Neal Ball,9078.0,1.002423441286627
1909,stahlja01,94.0,Jake,Stahl,Jake Stahl,9377.0,1.0024528100671857
1910,stahlja01,128.0,Jake,Stahl,Jake Stahl,9677.0,1.322723984706004
1911,beschbo01,78.0,Bob,Bescher,Bob Bescher,4798.0,1.625677365568987
1912,mcdoned02,91.0,Ed,McDonald,Ed McDonald,4627.0,1.9667170953101363
1913,moellda01,103.0,Danny,Moeller,Danny Moeller,9283.0,1.1095551007217495
1914,willigu02,120.0,Gus,Williams,Gus Williams,14757.0,0.8131734092295182
1915,mccanja01,99.0,Jack,McCandless,Jack McCandless,14020.0,0.7061340941512125
1916,cravaga01,89.0,Gavvy,Cravath,Gavvy Cravath,9534.0,0.9335011537654709
1917,willicy01,78.0,Cy,Williams,Cy Williams,8680.0,0.8986175115207374
1918,ruthba01,58.0,Babe,Ruth,Babe Ruth,5925.0,0.9789029535864978
1919,powelra01,79.0,Ray,Powell,Ray Powell,6849.0,1.1534530588407068
1920,kellyge01,92.0,George,Kelly,George Kelly,7274.0,1.2647786637338465
1921,meusebo01,88.0,Bob,Meusel,Bob Meusel,7172.0,1.2269938650306749
1922,dykesji01,98.0,Jimmy,Dykes,Jimmy Dykes,7145.0,1.371588523442967
1923,ruthba01,93.0,Babe,Ruth,Babe Ruth,7080.0,1.3135593220338981
1924,ruthba01,81.0,Babe,Ruth,Babe Ruth,6935.0,1.1679884643114635
1925,hartnga01,77.0,Gabby,Hartnett,Gabby Hartnett,6665.0,1.1552888222055513
1926,lazzeto01,96.0,Tony,Lazzeri,Tony Lazzeri,7338.0,1.3082583810302535
1927,ruthba01,89.0,Babe,Ruth,Babe Ruth,6889.0,1.291914646537959
1928,wilsoha01,94.0,Hack,Wilson,Hack Wilson,7294.0,1.2887304633945709
1929,wilsoha01,83.0,Hack,Wilson,Hack Wilson,7075.0,1.1731448763250882
1930,wilsoha01,84.0,Hack,Wilson,Hack Wilson,8113.0,1.0353753235547885
1931,culloni02,86.0,Nick,Cullop,Nick Cullop,8018.0,1.0725866799700674
1932,campbbr01,102.0,Bruce,Campbell,Bruce Campbell,7966.0,1.280441877981421
1933,foxxji01,93.0,Jimmie,Foxx,Jimmie Foxx,7450.0,1.2483221476510067
1934,cliftha01,100.0,Harlond,Clift,Harlond Clift,8510.0,1.1750881316098707
1935,camildo01,113.0,Dolph,Camilli,Dolph Camilli,8142.0,1.3878653893392288
1936,foxxji01,119.0,Jimmie,Foxx,Jimmie Foxx,8276.0,1.4378927017883034
1937,dimagvi01,111.0,Vince,DiMaggio,Vince DiMaggio,9108.0,1.2187088274044795
1938,dimagvi01,134.0,Vince,DiMaggio,Vince DiMaggio,8515.0,1.5736934820904287
1939,camildo01,107.0,Dolph,Camilli,Dolph Camilli,8622.0,1.2410113662723266
1940,rossch01,127.0,Chet,Ross,Chet Ross,9183.0,1.3829903081781554
1941,camildo01,115.0,Dolph,Camilli,Dolph Camilli,9051.0,1.2705778367031266
1942,gordojo01,95.0,Joe,Gordon,Joe Gordon,8541.0,1.1122819341997425
1943,dimagvi01,126.0,Vince,DiMaggio,Vince DiMaggio,8601.0,1.4649459365190094
1944,seerepa01,99.0,Pat,Seerey,Pat Seerey,8239.0,1.2016021361815754
1945,seerepa01,97.0,Pat,Seerey,Pat Seerey,8131.0,1.1929651949329725
1946,kinerra01,109.0,Ralph,Kiner,Ralph Kiner,9756.0,1.117261172611726
1947,joosted01,110.0,Eddie,Joost,Eddie Joost,9191.0,1.1968229790011968
1948,seerepa01,94.0,Pat,Seerey,Pat Seerey,9059.0,1.03764212385473
1949,snidedu01,92.0,Duke,Snider,Duke Snider,8951.0,1.0278181208803485
1950,smallro01,114.0,Roy,Smalley,Roy Smalley,9554.0,1.193217500523341
1951,hodgegi01,99.0,Gil,Hodges,Gil Hodges,9335.0,1.0605249062667381
1952,matheed01,115.0,Eddie,Mathews,Eddie Mathews,10380.0,1.1078998073217727
1953,bilkost01,125.0,Steve,Bilko,Steve Bilko,10213.0,1.2239302849309703
1954,mantlmi01,107.0,Mickey,Mantle,Mickey Mantle,10215.0,1.047479197258933
1955,zauchno01,105.0,Norm,Zauchin,Norm Zauchin,10803.0,0.9719522354901416
1956,lemonji01,138.0,Jim,Lemon,Jim Lemon,11505.0,1.199478487614081
1957,snidedu01,104.0,Duke,Snider,Duke Snider,11948.0,0.8704385671242049
1958,lemonji01,120.0,Jim,Lemon,Jim Lemon,12225.0,0.98159509202454
1959,mantlmi01,126.0,Mickey,Mantle,Mickey Mantle,12604.0,0.9996826404316089
1960,herrepa01,136.0,Pancho,Herrera,Pancho Herrera,12815.0,1.0612563402262973
1961,woodja01,141.0,Jake,Wood,Jake Wood,14947.0,0.9433331103231418
1962,killeha01,142.0,Harmon,Killebrew,Harmon Killebrew,17567.0,0.8083338077076335
1963,nichoda01,175.0,Dave,Nicholson,Dave Nicholson,18773.0,0.9321898471208651
1964,mathene01,143.0,Nelson,Mathews,Nelson Mathews,19212.0,0.7443264626275246
1965,allendi01,150.0,Dick,Allen,Dick Allen,19283.0,0.7778872582067106
1966,scottge02,152.0,George,Scott,George Scott,18805.0,0.8082956660462643
1967,howarfr01,155.0,Frank,Howard,Frank Howard,19413.0,0.7984340390460001
1968,jacksre01,171.0,Reggie,Jackson,Reggie Jackson,19143.0,0.8932769158439116
1969,bondsbo01,187.0,Bobby,Bonds,Bobby Bonds,22473.0,0.8321096426823299
1970,bondsbo01,189.0,Bobby,Bonds,Bobby Bonds,22374.0,0.8447304907481898
1971,jacksre01,161.0,Reggie,Jackson,Reggie Jackson,20956.0,0.7682763886237832
1972,darwibo01,145.0,Bobby,Darwin,Bobby Darwin,20718.0,0.6998745052611256
1973,bondsbo01,148.0,Bobby,Bonds,Bobby Bonds,20358.0,0.7269869338834856
1974,schmimi01,138.0,Mike,Schmidt,Mike Schmidt,19495.0,0.7078738137984099
1975,schmimi01,180.0,Mike,Schmidt,Mike Schmidt,19280.0,0.9336099585062241
1976,schmimi01,149.0,Mike,Schmidt,Mike Schmidt,18745.0,0.7948786343024806
1977,hobsobu01,162.0,Butch,Hobson,Butch Hobson,21722.0,0.7457876806923857
1978,murphda05,145.0,Dale,Murphy,Dale Murphy,20058.0,0.7229035796191047
1979,thomago01,175.0,Gorman,Thomas,Gorman Thomas,20035.0,0.873471425006239
1980,thomago01,170.0,Gorman,Thomas,Gorman Thomas,20212.0,0.841084504254898
1981,armasto01,115.0,Tony,Armas,Tony Armas,13237.0,0.8687769131978546
1982,jacksre01,156.0,Reggie,Jackson,Reggie Jackson,21221.0,0.7351208708354932
1983,kittlro01,150.0,Ron,Kittle,Ron Kittle,21716.0,0.6907349419782649
1984,samueju01,168.0,Juan,Samuel,Juan Samuel,22500.0,0.7466666666666667
1985,balbost01,166.0,Steve,Balboni,Steve Balboni,22451.0,0.7393880005344974
1986,incavpe01,185.0,Pete,Incaviglia,Pete Incaviglia,24706.0,0.7488059580668663
1987,deerro01,186.0,Rob,Deer,Rob Deer,25099.0,0.74106538109088
1988,deerro01,153.0,Rob,Deer,Rob Deer,23355.0,0.6551059730250481
1989,jacksbo01,172.0,Bo,Jackson,Bo Jackson,23650.0,0.7272727272727273
1990,fieldce01,182.0,Cecil,Fielder,Cecil Fielder,23853.0,0.7630067496750933
1991,deerro01,175.0,Rob,Deer,Rob Deer,24390.0,0.7175071750717508
1992,palmede01,154.0,Dean,Palmer,Dean Palmer,23538.0,0.6542611946639476
1993,tartada01,156.0,Danny,Tartabull,Danny Tartabull,26310.0,0.5929304446978335
1994,frymatr01,128.0,Travis,Fryman,Travis Fryman,19766.0,0.647576646767176
1995,vaughmo01,150.0,Mo,Vaughn,Mo Vaughn,25425.0,0.5899705014749262
1996,rodrihe02,160.0,Henry,Rodriguez,Henry Rodriguez,29308.0,0.5459260270233383
1997,buhneja01,175.0,Jay,Buhner,Jay Buhner,29937.0,0.584560911246952
1998,sosasa01,171.0,Sammy,Sosa,Sammy Sosa,31893.0,0.5361678111184273
1999,sosasa01,171.0,Sammy,Sosa,Sammy Sosa,31119.0,0.5495035187506025
2000,wilsopr01,187.0,Preston,Wilson,Preston Wilson,31356.0,0.5963770889144023
2001,hernajo01,185.0,Jose,Hernandez,Jose Hernandez,32404.0,0.5709171707196642
2002,hernajo01,188.0,Jose,Hernandez,Jose Hernandez,31394.0,0.5988405427788749
2003,thomeji01,182.0,Jim,Thome,Jim Thome,30801.0,0.5908899061718775
2004,dunnad01,195.0,Adam,Dunn,Adam Dunn,31828.0,0.6126680909890663
2005,dunnad01,168.0,Adam,Dunn,Adam Dunn,30644.0,0.5482313013966845
2006,dunnad01,194.0,Adam,Dunn,Adam Dunn,31655.0,0.6128573685041857
2007,howarry01,199.0,Ryan,Howard,Ryan Howard,32189.0,0.6182236167634907
2008,reynoma01,204.0,Mark,Reynolds,Mark Reynolds,32884.0,0.6203624863155334
2009,reynoma01,223.0,Mark,Reynolds,Mark Reynolds,33591.0,0.6638682980560269
2010,reynoma01,211.0,Mark,Reynolds,Mark Reynolds,34306.0,0.6150527604500671
2011,stubbdr01,205.0,Drew,Stubbs,Drew Stubbs,34488.0,0.5944096497332405
2012,dunnad01,222.0,Adam,Dunn,Adam Dunn,36426.0,0.6094547850436501
2013,cartech02,212.0,Chris,Carter,Chris Carter,36710.0,0.5774993189866522
2014,howarry01,190.0,Ryan,Howard,Ryan Howard,37441.0,0.5074650783900003
2015,davisch02,208.0,Chris,Davis,Chris Davis,37446.0,0.5554665384820808
2016,davisch02,219.0,Chris,Davis,Chris Davis,38982.0,0.5617977528089888
2017,judgeaa01,208.0,Aaron,Judge,Aaron Judge,40104.0,0.5186515060841812
2018,moncayo01,217.0,Yoan,Moncada,Yoan Moncada,41207.0,0.5266095566287281
2019,suareeu01,189.0,Eugenio,Suarez,Eugenio Suarez,42823.0,0.4413516101160591
2020,sanomi01,90.0,Miguel,Sano,Miguel Sano,15586.0,0.5774412934684974
2021,chapmma01,202.0,Matt,Chapman,Matt Chapman,42145.0,0.47929766283070346
2022,schwaky01,200.0,Kyle,Schwarber,Kyle Schwarber,40812.0,0.49005194550622366
2023,schwaky01,215.0,Kyle,Schwarber,Kyle Schwarber,41843.0,0.513825490524102
2024,delacel01,218.0,Elly,De La Cruz,Elly De La Cruz,41197.0,0.5291647450057043
